nom,genre,code_circo,code_dpt,circo
Laurent MALLET,H,01_1,1,1
Marie-Jeanne BÉGUET,F,01_2,1,2
Olga GIVERNET,F,01_3,1,3
Stéphane TROMPILLE,H,01_4,1,4
Hélène DE MEIRE,F,01_5,1,5
Aude BONO,F,02_1,2,1
Pauline RIVIERE,F,03_1,3,1
Laurence VANCEUNEBROCK-MIALON,F,03_2,3,2
Bénédicte PEYROL,F,03_3,3,3
Delphine BAGARRY,F,04_1,4,1
Christophe CASTANER,H,04_2,4,2
Pascale BOYER,F,05_1,5,1
Caroline REVERSO-MEINIETTI,F,06_1,6,1
Alexandra VALETTA ARDISSON,F,06_4,6,4
Nathalie AUDIN,F,06_6,6,6
Khaled BEN ABDERAHMANE,H,06_7,6,7
Philippe BUERCH,H,06_8,6,8
Dominique FILLEBEEN,H,06_9,6,9
Laurette GOUYET-POMMARET,F,07_2,7,2
Matthieu PEYRAUD,H,07_3,7,3
Jean Pierre MORALI,H,08_1,8,1
Mario IGLESIAS,H,08_2,8,2
Christelle VORILLION,F,08_3,8,3
Huguette BERTRAND VINZERICH,F,09_2,9,2
Gregory BESSON-MOREAU,H,10_1,10,1
Djamila HADDAD,F,10_2,10,2
Danièle HERIN,F,11_1,11,1
Alain PEREA,H,11_2,11,2
Mireille ROBERT,F,11_3,11,3
Stéphane MAZARS,H,12_1,12,1
Anne BLANC,F,12_2,12,2
Jean-Louis AUSTRUY,H,12_3,12,3
Pascal CHAMASSIAN,H,13_1,13,1
Claire PITOLLAT,F,13_2,13,2
Corinne VERSINI,F,13_4,13,4
Cathy RACON-BOUZON,F,13_5,13,5
Eléonore LEPRETRE,F,13_6,13,6
Haouaria HADJ-CHIKH,F,13_7,13,7
Jean-Marc ZULESI,H,13_8,13,8
Sylvie BRUNET,F,13_9,13,9
François-Michel LAMBERT,H,13_10,13,10
Céline GAILHAC,F,13_12,13,12
Anne-Laurence PETEL,F,13_14,13,14
Nathalie FARRO,F,13_15,13,15
Monica MICHEL,F,13_16,13,16
Eric HALPHEN,H,14_2,14,2
Christophe BLANCHET,H,14_4,14,4
Bertrand BOUYX,H,14_5,14,5
François DANEMANS,H,15_1,15,1
Patricia ROCHES,F,15_2,15,2
Thomas MESNIER,H,16_1,16,1
Sandra MARSAUD,F,16_2,16,2
Madeleine NGOMBET BITOO,F,16_3,16,3
Otilia FERREIRA,F,17_1,17,1
Frederique GUEREAU - TUFFNELL,F,17_2,17,2
Jean Philippe ARDOUIN,H,17_3,17,3
Raphael GERARD,H,17_4,17,4
Christian GERIN,H,17_5,17,5
François CORMIER-BOULIGEON,H,18_1,18,1
Nadia ESSAYAN,F,18_2,18,2
Loic KERVRAN,H,18_3,18,3
Christophe JERRETIE,H,19_1,19,1
Patricia BORDAS,F,19_2,19,2
Maria GUIDICELLI,F,2A_1,2A,1
Jean Charles ORSUCCI,H,2A_2,2A,2
Francois ORLANDI,H,2B_1,2B,1
Francis GIUDICI,H,2B_2,2B,2
Fadila KHATTABI,F,21_3,21,3
Yolaine DE COURSON,F,21_4,21,4
Didier PARIS,H,21_5,21,5
Bruno JONCOUR,H,22_1,22,1
Hervé BERVILLE,H,22_2,22,2
Olivier ALAIN,H,22_3,22,3
Jean-Baptiste MOREAU,H,23_1,23,1
Philippe CHASSAING,H,24_1,24,1
Michel DELPON,H,24_2,24,2
Jacqueline DUBOIS,F,24_4,24,4
Fannette CHARVIER,F,25_1,25,1
Denis SOMMER,H,25_3,25,3
Frédéric BARBIER,H,25_4,25,4
Sylvie LE HIR,F,25_5,25,5
Mireille CLAPOT,F,26_1,26,1
Alice THOUROT,F,26_2,26,2
Latifa CHAY,F,26_4,26,4
Fabien GOUTTEFARDE,H,27_2,27,2
Marie TAMARELLE,F,27_3,27,3
Bruno QUESTEL,H,27_4,27,4
Claire OPETIT,F,27_5,27,5
Guillaume KASBARIAN,H,28_1,28,1
Claire Tassadit HOUD,F,28_2,28,2
Clémence ROUVIER,F,28_4,28,4
Annaïg LE MEUR-ROUX,F,29_1,29,1
Jean-Charles LARSONNEUR,H,29_2,29,2
Didier LE GAC,H,29_3,29,3
Sandrine LE FEUR,F,29_4,29,4
Graziella MELCHIOR,F,29_5,29,5
Richard FERRAND,H,29_6,29,6
Liliane TANGUY,F,29_7,29,7
Erwan BALANANT,H,29_8,29,8
Françoise DUMAS,F,30_1,30,1
Marie SARA,F,30_2,30,2
Anthony CELLIER,H,30_3,30,3
Annie CHAPELIER,F,30_4,30,4
Olivier GAILLARD,H,30_5,30,5
Pierre CABARE,H,31_1,31,1
Jean-Luc LAGLEIZE,H,31_2,31,2
Corinne VIGNON,F,31_3,31,3
Mickael NOGAL,H,31_4,31,4
Monique IBORRA,F,31_6,31,6
Elisabeth TOUTUT-PICARD,F,31_7,31,7
Sandrine MORCH,F,31_9,31,9
Sebastien NADOT,H,31_10,31,10
Jean-René CAZENEUVE,H,32_1,32,1
Christophe SOCCIO,H,32_2,32,2
Dominique DAVID,F,33_1,33,1
Catherine FABRE,F,33_2,33,2
Marik FETOUH,H,33_3,33,3
Aziz SKALLI BOUAZIZA,H,33_4,33,4
Benoit SIMIAN,H,33_5,33,5
Eric POULLIAT,H,33_6,33,6
Bérangère COUILLARD,F,33_7,33,7
Sophie PANONACLE,F,33_8,33,8
Sophie METTE,F,33_9,33,9
Florent BOUDIE,H,33_10,33,10
Véronique HAMMERER,F,33_11,33,11
Christelle DUBOS,F,33_12,33,12
Patricia MIRALLES,F,34_1,34,1
Stéphanie JANNIN,F,34_2,34,2
Coralie DUBOST,F,34_3,34,3
Jean-François ELIAOU,H,34_4,34,4
Philippe HUPPE,H,34_5,34,5
Isabelle VOYER,F,34_6,34,6
Patrick VIGNAL,H,34_9,34,9
Mustapha LAABID,H,35_1,35,1
Gaspard GANTZER,H,35_2,35,2
Gaël LE BOHEC,H,35_4,35,4
Christine CLOAREC,F,35_5,35,5
Valérie FRIBOLLE,F,35_7,35,7
Florian BACHELIER,H,35_8,35,8
Emilie FARMAN,F,36_1,36,1
Sophie GUERIN,F,36_2,36,2
Philippe CHALUMEAU,H,37_1,37,1
Daniel LABARONNE,H,37_2,37,2
Fabienne COLBOC,F,37_4,37,4
Sabine THILLAYE,F,37_5,37,5
Olivier VERAN,H,38_1,38,1
Jean-Charles COLAS-ROY,H,38_2,38,2
Emilie CHALAS,F,38_3,38,3
Catherine KAMOWSKI,F,38_5,38,5
Cendra MOTIN,F,38_6,38,6
Monique LIMON,F,38_7,38,7
Caroline ABADIE,F,38_8,38,8
Elodie Jacquier Laforge,F,38_9,38,9
Lionel CAUSSE,H,40_2,40,2
Jean Pierre Louis STEINER,H,40_3,40,3
Jean-Luc BRAULT,H,41_2,41,2
Christine JAGUENEAU,F,41_3,41,3
Jean-Michel MIS,H,42_2,42,2
Valéria MUNTIAN,F,42_3,42,3
David KAUFFER,H,42_4,42,4
Julien BOROWCZYK,H,42_6,42,6
Cécile GALLIEN,F,43_1,43,1
Pierre ETEOCLE,H,43_2,43,2
François DE RUGY,H,44_1,44,1
Valérie OPPELT,F,44_2,44,2
Anne-France BRUNET,F,44_3,44,3
Aude AMADOU,F,44_4,44,4
Yves DANIEL,H,44_6,44,6
Sandrine JOSSO,F,44_7,44,7
Audrey DUFEU SCHUBERT,F,44_8,44,8
Sophie ERRANTE,F,44_10,44,10
Stéphanie RIST,F,45_1,45,1
Emmanuel CONSTANTIN,H,45_2,45,2
Jihan CHELLY,H,45_3,45,3
Mélusine HARLE,F,45_4,45,4
David SIMONNET,H,45_5,45,5
Richard RAMOS,H,45_6,45,6
Sébastien MAUREL,H,46_1,46,1
Huguette TIEGNA,F,46_2,46,2
Michel LAUZZANA,H,47_1,47,1
Alexandre FRESCHI,H,47_2,47,2
Olivier DAMAISIN,H,47_3,47,3
Francis PALOMBI,H,48_1,48,1
Matthieu ORPHELIN,H,49_1,49,1
Stella DUPONT,F,49_2,49,2
Anne BARRAULT,F,49_3,49,3
Laetitia SAINT-PAUL,F,49_4,49,4
Denis MASSEGLIA,H,49_5,49,5
Nicole DUBRE CHIRAT,F,49_6,49,6
Hervé HOUEL,H,50_1,50,1
Bertrand SORRE,H,50_2,50,2
Stéphane TRAVERT,H,50_3,50,3
Blaise MISLER,H,50_4,50,4
Claire VERNET-GARNIER,F,51_2,51,2
Eric GIRARDIN,H,51_3,51,3
Bertrand TREPO,H,51_5,51,5
Bérangère ABBA,F,52_1,52,1
Vincent BERTHET,H,52_2,52,2
Josselin CHOUZY,H,53_3,53,3
Xavier PALUSZKIEWICZ,H,54_3,54,3
Philippe BUZZI,H,54_4,54,4
Marion BUCHET,F,54_5,54,5
Diana ANDRE,F,55_1,55,1
Emilie CARIOU,F,55_2,55,2
Hortense LE PAPE,F,56_1,56,1
Gérard PILLET,H,56_2,56,2
Nicole LE PEIH,F,56_3,56,3
Paul MOLAC,H,56_4,56,4
Jean-Michel JACQUES,H,56_6,56,6
Belkhir BELHADDAD,H,57_1,57,1
Ludovic MENDES,H,57_2,57,2
Richard LIOGER,H,57_3,57,3
Mathilde HUCHOT,F,57_4,57,4
Perrine GOULET,F,58_1,58,1
Patrice PERROT,H,58_2,58,2
Christophe ITIER,H,59_1,59,1
Christophe DI POMPEO,H,59_3,59,3
Brigitte LISO,F,59_4,59,4
Guillaume DEKONINCK,H,59_5,59,5
Charlotte LECOQ,F,59_6,59,6
Arnaud VERSPIEREN,H,59_7,59,7
Catherine OSSON,F,59_8,59,8
Valérie PETIT,F,59_9,59,9
Sophie TAIEB,F,59_10,59,10
Laurent PIETRASZEWSKY,H,59_11,59,11
Valérie LHEUREUX,F,59_12,59,12
Julien LEMAITTE,H,59_14,59,14
Jennifer DE TEMMERMAN,F,59_15,59,15
Dimitri HOUBRON,H,59_17,59,17
Claire POMMEYROLE,F,59_18,59,18
Daniel ZIELINSKI,H,59_20,59,20
Denis FLOUR,H,60_1,60,1
Agnès THILL,F,60_2,60,2
Pascal BOIS,H,60_3,60,3
Emmanuelle BOUR POITRINAL,F,60_4,60,4
Fatima MASSAU,F,60_5,60,5
Carole BUREAU-BONNARD,F,60_6,60,6
Jean-Francois DARDENNE,H,60_7,60,7
Ophélie LEROUGE,F,61_2,61,2
Isabelle BOSCHER,F,61_3,61,3
Bruno DUVERGÉ,H,62_1,62,1
Thibault GUILLY,H,62_4,62,4
Jean Pierre PONT,H,62_5,62,5
Brigitte BOURGUIGNON,F,62_6,62,6
Benoit POTTERIE,H,62_8,62,8
Stéphane SAINT ANDRE,H,62_9,62,9
Laurence DESCHANEL,F,62_10,62,10
Anne ROQUET,F,62_11,62,11
Coralie REMBERT,F,62_12,62,12
Valérie THOMAS,F,63_1,63,1
Mohand HAMOUMOU,H,63_2,63,2
Laurence VICHNIEVSKY,F,63_3,63,3
Sébastien GARDETTE,H,63_5,63,5
Josie PUEYTO,F,64_1,64,1
Loic CORREGE,H,64_4,64,4
Florence LASSERRE,F,64_5,64,5
Jean-Bernard SEMPASTOUS,H,65_1,65,1
Marie Agnes STARICKY,F,65_2,65,2
Romain GRAU,H,66_1,66,1
Sebastien CAZENOVE,F,66_4,66,4
Thierry MICHELS,H,67_1,67,1
Bruno STUDER,H,67_3,67,3
Martine WONNER,F,67_4,67,4
Eliane TOMASZEWSKI,F,67_5,67,5
Guy SALOMON,H,67_6,67,6
Antoinette DE SANTIS,F,67_7,67,7
Christian GLIECH,H,67_8,67,8
Vincent THIEBAUT,H,67_9,67,9
Stéphanie VILLEMIN,F,68_1,68,1
Patrick STRIBY,H,68_3,68,3
Aurélie TACQUARD,F,68_4,68,4
Thomas RUDIGOZ,H,69_1,69,1
Hubert JULIEN LAFERRIERE,H,69_2,69,2
Jean-Louis TOURAINE,H,69_3,69,3
Anne BRUGNERA,F,69_4,69,4
Blandine BROCART,F,69_5,69,5
Bruno BONNELL,H,69_6,69,6
Anissa KHEDHER,F,69_7,69,7
Marion RIOU,F,69_9,69,9
Thomas GASSILOUD,H,69_10,69,10
Jean-Luc FUGIT,H,69_11,69,11
Cyrille ISAAC-SYBILLE,H,69_12,69,12
Danielle CAZARIAN,F,69_13,69,13
Yves BLEIN,H,69_14,69,14
Barbara BESSOT BALLOT,F,70_1,70,1
Benjamin DIRX,H,71_1,71,1
Rémy REBEYROTTE,H,71_3,71,3
Raphael GAUVAIN,H,71_5,71,5
Damien PICHEREAU,H,72_1,72,1
Aurélie PEROT,F,72_2,72,2
Pascale FONTENEL PERSONNE,F,72_3,72,3
Willy COLIN,H,72_5,72,5
Patrick MIGNOLA,H,73_4,73,4
Véronique RIOTTON,F,74_1,74,1
Frédérique LARDET,F,74_2,74,2
Guillaume GIBOUIN,H,74_3,74,3
Laura DEVIN,F,74_4,74,4
Marion LENNE,F,74_5,74,5
Xavier ROSEREN,H,74_6,74,6
Stanislas GUERINI,H,75_3,75,3
Benjamin GRIVEAUX,H,75_5,75,5
Laetitia AVIA,F,75_8,75,8
Hugues RENSON,H,75_13,75,13
Valérie BOUGAULT,F,75_14,75,14
Mounir MAHJOUBI,H,75_16,75,16
Damien ADAM,H,76_1,76,1
Annie VIDAL,F,76_2,76,2
William Vladimir TCHAMAHA PATIPE,H,76_3,76,3
Philippe DUFOUR,H,76_6,76,6
Béatrice DELAMOTTE,F,76_8,76,8
Stéphanie KERBARH,F,76_9,76,9
Xavier BATUT,H,76_10,76,10
Aude LUQUET,F,77_1,77,1
Valérie PETIT,F,77_2,77,2
Emmanuel MARCADET,H,77_4,77,4
Laetitia MARTIG DECES,F,77_6,77,6
Rodrigue KOKOUENDO,H,77_7,77,7
Jean-Michel FAUVERGUE,H,77_8,77,8
Stéphanie DO,F,77_10,77,10
Amandine RUBINELLI,F,77_11,77,11
Didier BAICHERE,H,78_1,78,1
Jean-Noël BARROT,H,78_2,78,2
Béatrice PIRON,F,78_3,78,3
Marie LEBEC,F,78_4,78,4
Yael BRAUN-PIVET,H,78_5,78,5
Natalia POUZYREFF,F,78_6,78,6
Michèle DE VAUCOULEURS,F,78_7,78,7
Khadija MOUDNIB,F,78_8,78,8
Aurore BERGE,F,78_10,78,10
Nadia HAI,F,78_11,78,11
Florence GRANJUS,F,78_12,78,12
Guillaume CHICHE,H,79_1,79,1
Christine-Nelly HEINTZ,F,79_2,79,2
Jean-Marie FIEVET,H,79_3,79,3
Nicolas DUMONT,H,80_1,80,1
Barbara POMPILI,F,80_2,80,2
Jean Claude LECLABART,H,80_4,80,4
Thierry VINDEVOGEL,H,80_5,80,5
Marie-Christine VERDIER JOUCLAS,F,81_2,81,2
Jean TERLIER,H,81_3,81,3
Pierre MARDEGAN,H,82_1,82,1
Mourad BOUDJELLAL,H,83_1,83,1
Cécile MUSCHOTTI,F,83_2,83,2
Alexandre ZAPOLSKI,H,83_3,83,3
Solveig SEREINE MAUBORGNE,F,83_4,83,4
Valérie GOMEZ-BASSAC,F,83_6,83,6
Emilie GUEREL,F,83_7,83,7
Fabien MATRAS,H,83_8,83,8
Jean-Francois CESARINI,H,84_1,84,1
Sonia STRAPELIAS,F,84_2,84,2
Brune POIRSON,F,84_3,84,3
Anthony ZILIO,H,84_4,84,4
Jean VIARD,H,84_5,84,5
Stéphane BUCHOU,H,85_3,85,3
Pierre HENRIET,H,85_5,85,5
Jacques SAVATIER,H,86_1,86,1
Sacha HOULIE,H,86_2,86,2
Jean-Michel CLEMENT,H,86_3,86,3
Sophie BEAUDOUIN-HUBIERE,F,87_1,87,1
Jean Baptiste DJEBBARI,H,87_2,87,2
Marie-Ange MAGNE,F,87_3,87,3
Alisson HAMELIN,F,88_1,88,1
Christine URBES,F,88_2,88,2
Claude THIRARD,H,88_3,88,3
Raynald MAGNIEN COEURDACIER,H,88_4,88,4
Paulo DA SILVA MOREIRA,H,89_1,89,1
Jean-Yves CAULLET,H,89_2,89,2
Michèle CROUZET,F,89_3,89,3
Bruno KERN,H,90_2,90,2
Laetitia ROMEIRO DIAS,F,91_3,91,3
Marie-Pierre RIXAIN,F,91_4,91,4
Cédric VILLANI,H,91_5,91,5
Amélie DE MONTCHALIN,F,91_6,91,6
Murielle KERNREUTER,F,91_7,91,7
Antoine PAVAMANI,H,91_8,91,8
Marie GUEVENOUX,F,91_9,91,9
Pierre-Alain RAPHAN,H,91_10,91,10
Isia KHALFI,F,92_1,92,1
Adrien TAQUET,H,92_2,92,2
Christine HENNION,F,92_3,92,3
Isabelle FLORENNES,F,92_4,92,4
Laurent ZAMECZKOWSKI,H,92_6,92,6
Gabriel ATTAL,H,92_10,92,10
Laurianne ROSSI,F,92_11,92,11
Frédérique DUMAS,F,92_13,92,13
Véronique AVRIL,F,93_2,93,2
Patrice ANATO,H,93_3,93,3
Prisca THEVENOT,F,93_4,93,4
Malika MAALEM,F,93_5,93,5
Alexandre AIDARA,H,93_6,93,6
Halima MENNOUDJ,F,93_7,93,7
Sylvie CHARRIERE,F,93_8,93,8
Jeanne DROMARD,F,93_9,93,9
Billel OUADAH,H,93_10,93,10
Elsa WANLIN,F,93_11,93,11
Stéphane TESTE,H,93_12,93,12
Frédéric DESCROZAILLE,H,94_1,94,1
Laurent SAINT MARTIN,H,94_3,94,3
Nadine RET,F,94_5,94,5
Guillaume GOUFFIER CHA,H,94_6,94,6
Jean-Jacques BRIDEY,H,94_7,94,7
Jennifer DOUIEB NAHON,F,94_8,94,8
Sheerazed BOULKROUN,F,94_10,94,10
Albane GAILLOT,F,94_11,94,11
Isabelle MULLER-QUOY,F,95_1,95,1
Guillaume VUILLETET,H,95_2,95,2
Naima MOUTCHOU,F,95_3,95,3
Fiona LAZAAR,F,95_5,95,5
Dominique DA SILVA,H,95_7,95,7
François PUPPONI,H,95_8,95,8
Zivka PARK,F,95_9,95,9
Aurélien TACHE,H,95_10,95,10
Olivier SERVA,H,971_1,971,1
Chantal MAGNANT,F,972_1,972,1
Max ORVILLE,H,972_3,972,3
Léopoldine SETTAMA-VIDON,F,974_5,974,5
Thierry ROBERT,H,974_7,974,7
Ines BOUCHAUT CHOISY,F,977_1,977,1
Rolland LESCURE,H,999_1,999,1
Paola FORTEZA,F,999_2,999,2
Pieyre Alexandre ANGLADE,H,999_4,999,4
Samantha CAZEBONNE,F,999_5,999,5
Joachim SON FORGET,H,999_6,999,6
Frédéric PETIT,H,999_7,999,7
Florence DRORY,F,999_8,999,8
Augustin AUGIER,H,999_9,999,9
Amal Amélia LAKRAFI,F,999_10,999,10
Anne GENETET,F,999_11,999,11